17881|Michael Milde
17882|Don Morrow
17885|Gary Paterson
18459|Jingxu (Jesse) Zhu
20142|Rebecca Coulter
21151|Carole Farber
22405|Kevin Mooney
22406|Don Neville
25849|Laurence De Looze
25850|Rodney Millard
25853|Oliver Whitehead
27348|Roger More
27365|Charlene Nicholls-Nixon
27369|John Wilson
27524|Doug Leighton
27525|Colin Read
27526|Larry Menor
27625|Vicki Sweeney
27992|John Paul Bracey
28022|Pedro Goldman
28138|Eric Jarvis
28279|Kelly Olson
29673|Andrew Nelson
29741|Wayne C Myrvold
29946|Robert Ventresca
30225|William Fisher
30776|Ian McLeod
31105|Tom Wonnacott
31160|John Thorp
31163|John Bell
31260|Brian Luckman
31297|Carlie Bell
31957|Matt Davison
32366|Robert Corless
32396|David Dozois
32420|Joseph Zezulka
32421|Daniela Sneppova
32426|Paul Charpentier
32474|Wankei Wan
32479|Dave House
32495|Argyrios (Gerry) Margaritis
32501|Sarah Brooks
32585|Tony Vernon
32605|Marc-Andre Lachance
32644|Horia Hangan
32651|Jim McNair
32657|Arja Vainio-Mattila
32682|Mike Carroll
32685|Martin Westmacott
32815|Omar Daniel
32816|Robert Toft
32818|Richard Semmens
32827|David Bellhouse
32829|Jan Minac
32835|Marianna Ionescu
32902|Keith Fleming
33010|John Snyder
33013|Douglas Long
33074|Lesley Harman
33113|Anton Allahar
33193|Paul Handford
33216|John Smallwood
33289|Chris Sturby
33300|Leanna Zanette
33319|Paul Potter
33330|Laura Melnyk Gribble
33331|Bill Marshall
33334|Grant Campbell
33369|Susan Small
33397|Jamie Noel
33405|Marilyn Kidd
33425|Alaa Alshawa
33496|Stephen Watt
33497|Keith Griffiths
33569|Mel Usselman
33617|Salim Mansur
33621|Carrol Tattersall
33690|James Miller
33711|Gary Lapenskie
33789|Seymour Ditor
33793|Patrick Whippey
33813|Terry Webb
33936|Lawrence Garber
33941|Clive Thomson
34190|John Leonard
34192|Ninian Mellamphy
34193|Cheryl Ketola
34336|Theresa Hubel
35133|Charles Levine
35598|Sue Anthony
36166|Hugh Mellon
36344|Peter Thoms
36413|Donald Abelson
36580|Patrick Brown
36581|Terry Biggs
36587|Sherri Clendinning
36805|Julie Harris
37236|Milford Green
37677|James Grier
37736|Robert Bailey
37887|Jim Staples
38017|Doug Hazlewood
38160|Charles Rice
38618|Nick Skinner
38649|David MacGregor
38720|Tozun Bahcheli
39033|Karen Danylchuk
39035|Bob La Rose
39661|Jeff Hutter
39868|Neil Bradford
39940|Micha Pazner
40045|Robert Vigars
40171|Jinfei Wang
40175|Chris Smart
40338|Mark McDayter
40362|Lynda Robbins
40489|D. Kim Holland
40951|Bernie Hammond
41204|Nandi Bhatia
41206|Janina Falkowska
42576|Tom Murphy
42582|Paul Derry
42583|Patrick Burman
42805|Paul Jacob
42839|Murray Bryant
43169|Brian Way
43255|Harvey Brown
43256|Mary Anne De Kergommeaux
43583|Pierre Reynard
44476|Tim Tattersal
45225|Dermot McCarthy
45325|Ayoub Yousefi
45933|Sauro Camiletti
45936|James Kow
46239|Brian Timney
46811|David Stanford
47137|Jennifer Moir
47345|Glen Copplestone
47657|Paul Werstine
47902|Robert Young
48637|Brendan Murphy
48690|Lila Kari
48913|Janet Menard
48920|Leslie Janes
50897|Chet Creider
53776|David Williamson
54254|Michael Gardiner
54720|Daniel Xu
54795|Robert Bryan
55091|Sheng Yu
55093|Stuart Rankin
55569|Barbara Murison
56478|Paul Whitehead
56754|Neil Brooks
56762|Robert Hudson
56980|Sherry Larkin
59222|Bruce Welling
59329|Stephen Argall
62838|Donald Peter Cain
62993|Vincent Morris
63158|Charlie Trick
63948|Allan MacIsaac
64069|Colin Baird
64421|Mary Lou Vernon
64522|Craig Dunbar
64714|Tom Sea
65001|Ronald Martin
65002|Paul McKnight
65003|Ronald Wintrobe
66196|Bryan Neff
68566|Bryce Traister
68585|Madeline Lennon
70073|Randa Farah
71018|Sara Galsworthy
71021|John Hatch
71204|M.J. Kidnie
71236|Bonnie MacLachlan
71241|Aara Suksi
71303|David Conklin
71315|Volker Nolte
71359|James Voogt
71367|Hugo De Lasa
71414|Amarjeet Bassi
71472|Ken McKellar
71515|Jacek Malczewski
71519|Mireya Folch-Serra
71558|Peter Chimbos
71639|Juan Luis Suarez
71671|Brock Millman
71674|Francois Poire
71681|Cedric Briens
71787|Kathy Kopinak
71806|Zeigham Khokher
71856|Graham Reid
71864|Tom Lennon
71876|John Nicholas
71889|Sean Mulligan
71969|David Loree
72124|Kay Calvin
72417|Ed Lui
72423|Elias Polizoes
73032|Kathleen Okruhlik
73177|James Cote
73297|Patricia Pakvis
73448|Rod Beaujot
73571|Sasha Torres
73579|Mary Millard
73584|Patrick Kennedy
73676|Kazimierz Adamiak
73679|Jin Jiang
73680|Zdenek Kucerovsky
73682|Mehrdad Moallem
73683|Raveendra Rao
73731|Ann Bigelow
73801|Robert Mercer
73902|Klaus-Peter Ossenkopp
73919|Ernest Redekop
74301|Irena Creed
74365|Peggy Roffey
75007|George Donaldson
76273|Les Murison
76587|Paul Webb
78861|Tony Purdy
84941|Gaile McGregor
87921|Chris Brandl
88330|John Barron
89091|Francine McKenzie
91219|Allan Pero
91222|Matthew Rowlinson
92147|Rick Robertson
92149|John Haywood-Farmer
92173|Manina Jones
94769|Ron Podesta
95336|David Spencer
97800|Russell Poole
97802|Peter McMahon
100356|Carolyn McLeod
100462|Russ Boyer
100467|Bill Avison
100791|Michael Kehler
101189|Henry Meredith
101254|Priti Krishna
101506|Calin-Andrei Mihailescu
101583|Mary Heisz
102585|J.D. Kneale
104812|Peter Auksi
106310|Robert Lipson
106700|Michael Bartlett
107416|Douglass Drozdow-St. Christian
108245|Mariana Krol
109333|Robert Deane
109344|Jackie Newman
109527|Brian Diemert
110543|Diana Wood
110546|David Blair
112288|Ralph Buchal
115563|Cheryl Pearce
116403|Sid Noel
116524|Regna Darnell
118008|Gary Rollman
118965|Alan Edmunds
122875|Donald Gorassini
125562|Vojislava Grbic
125577|Bosco Chan
125700|Jeannie Gillmore
126120|Jody Culham
129357|Roberta Flemming
132091|Richard Holt
134622|James Andrews
138197|Sean Gill
143650|Vicki Esses
158772|Jim Hatch
159162|Ann Frost
166435|James Crimmins
168118|Gerard Seijts
173986|Greg Moran
175662|Lorraine Davies
175979|Stefan Kohler
179601|Phillipe Rushton
180301|Fraser Johnson
183638|Vladmir Tumanov
184607|Daniele Belanger
185124|Peter Merrifield
185919|Marguerite Kane
187726|Jonathan Burston
188011|Bernd Frohmann
188525|Elizabeth Neill
188802|Aldona Sendzikas
189945|Joel Adams
190340|Julia Emberley
192371|Krista Lysack
193025|James M Olson
193039|Susan Pepper
193721|John Dryden
194764|Dan Belliveau
195354|L. Graham Smith
197747|Suzanne Greaves
204217|Richard McLaren
204219|Randal Graham
204220|Michael Coyle
205910|Peter Hyland
207342|Chris Viger
210365|Patrick Mahon
217244|Shelley Taylor
218377|Paul Klein
220381|Lauren Briens
221986|Kim Lundberg
222385|Clive Seligman
222997|Charles Ruud
224199|Paul Milnes
225604|Dylan Gault
227155|Chris Higgins
230399|Debbie Dupuis
233717|Catherine Florence
236163|Esther Goldberg
236185|Samantha Brennan
236243|Paul Kopas
243565|Mark Perry
246931|Raija Koski
247255|Gaile MacGregor
247269|Theresa O'Donovan
251563|Gerry McKeon
251915|Bruce Hammond
254033|Michelle Loveland
256483|Frederick Ellett
258173|David Peters
258479|Alfred Chan
260051|Steve D'Arcy
262424|Vaughan Radcliffe
262642|Pj Simpson
263329|Charles Jones
263517|Brenda Murphy
264108|Paul Benedetti
272502|Brian Hart
272505|N D MacRae
281293|Barbara Bruce
282327|Paul Beamish
297628|Laura Stephenson
304011|Aaron Sigut
311726|Andy Scott
313002|Christopher Gittings
313952|Allan Salmoni
323430|Jacquie Burkell
333038|Christopher Ellis
333354|Claire Senior
334873|Stephen R Hicock
334874|Jisuo Jin
334880|Kristy F Tiampo
339878|Joanna Quinn
345970|Michael Kerr
348715|Dennis Hudecki
354387|Kierra Ladner
356131|Richard Goffin
359520|Hunter Brown
361966|Julie Shang
363867|Hesham El Naggar
364354|Margaret Kellow
367723|Lorenzo Buj
369093|Craig Miller
369677|Allison Hearn
370095|Roger Hall
371050|Gloria Gassi
371877|Angela Conti-Becker
371902|Amy Mitchell
373305|Norma Vascotto
384386|Ian Skaith
386999|Marjorie Ratcliffe
387254|James Schmeiser
388259|Nicole Lemire
388467|Anne Lausch
388473|David Darby
389416|Lorraine Dicicco
393829|Grant Huscroft
416847|Martin Sandig
416857|Barry Tepperman
421257|Andres Perez
424392|Luz Hernandez-Saenz
424534|Teresa Abada
425172|Alan Pomfret
426888|Stephen Erdle
426890|Nelson Heapy
427234|P.J. Stooke
427317|Veronica Schild
427554|Anne Skoczylas
428814|Steve Trujillo
437648|Natalie J Allen
437653|Brian Corneil
437655|Stefan Everling
437659|Peter Hoaken
437665|Albert N Katz
437667|Martin Kavaliers
437669|Rod Martin
437670|Ken McRae
437676|Sampo P Paunonen
449156|Mary Francis Dorschell
449157|Phillip Mueller
451327|Tilottama Rajan
457614|Katherine McKenna
464718|Eric Ball
468312|Tutis Vilis
468506|Alain Gagnon
469481|Mark Stephenson
469510|Stephen Adams
469524|Lily Cho
469641|Xingfu Zou
475215|Richard Moll
476813|Bob Riseling
478156|Hua Laura Wu
479144|Carolyne Gorlick
480647|Raouf Baddour
480932|Sandy Smeltzer
481077|Chantal Dawar
483479|Kim Clark
485070|Maria Ionita
486313|Amin Rizkalla
497471|Maria Wallis
499940|Patrick Dunne
507041|Shahzad Barghi
507380|Yuri Boykov
512093|John Braun
513072|Susan Koval
517713|Rick Burjaw
520776|Astrid Heyer
523585|Aj Sharma
524882|Siu-Ming Kwok
527892|Selma Purac
529419|Beth MacDougall-Shackleton
533919|Tatyana Foth
535323|Lorne Falkenstien
551202|Jamie Johnston
555922|Michael Butler
558600|Peter Brown
560005|Keiko Hiro-oka
563438|Leslie Thielen-Wilson
567912|Linda Clarke
569610|Howard Plotkin
570282|Brock Fenton
573765|Kul Bhatia
576423|Jamie Baxter
579648|Christine Tsang
588624|Andrea Willson
588692|Zine-Eddine Abid
593101|Tanya Gogan
593132|Kari Veblen
593935|Adam Parachin
594424|Hanna Marti
601687|Olga Veksler
604160|Jaylene Brinker
605185|Gareth Jones
605196|Graham Denham
605247|Geoffrey Ruelland
615444|Joyce Bruhn De Garavito
617455|Stewart Thornhill
618608|Currie Palmer
626577|Carole Creuzenet
627009|Fabian Gorodzinsky
629605|Bruce Jones
630072|Goli Rezai-Rashti
633374|Belinda Dodson
635404|David Colby
636603|Linda Eligh
639172|Dan Lajoie
642799|Laura Beres
642800|Laura Lewis
642801|Diane Humphrey
643296|James Purkis
651109|John Millar
652918|Kersi Antia
653107|Graham Wagner
681919|Christine Knapp
690533|Jennifer Boman
691873|Donna Peterson
697652|Krzysztof Worytkiewicz
697777|Gary Badcock
697974|Sydney Usprich
697975|Rande Kostal
697979|Margaret Wilkinson
698351|Jeeweon Shin
699862|Radoslav Dimitrov
707941|John Ciriello
713769|Thy Phu
713779|Ingrid Connidis
715084|Susan Edelstein
717362|Cornelia Hoogland
721427|Wayne Martino
722726|Bernd Steinbock
735424|Anita Hardeman
735998|Mitch Rothstein
737339|David Cechetto
739451|Elisabeth Davies
740655|Elaine O'Riordan
745417|Barry Hoffmaster
748979|Tom Bonnema
751553|Nancy Tausky
754926|Nancy Rhoden
755007|Sarah Khan
763313|Tim Wilson
763648|Allyson May
764188|David Vollick
764821|Ray Hughes
766136|Jennifer Hoshooley
767091|Bradley Miller
771316|Craig Greenham
777625|Kelly Wood
779602|Candace Gibson
785230|Wesley Gustavson
787477|Jeffrey Temple
790324|Pam Hanington
791962|Christine Kirouac
794327|Martin Stillman
795165|Megan Davey
795767|Clara Wren
796329|Melanie Randall
802616|Cathy Thorpe
802617|Eldon Molto
805874|Janet Johnson
806054|Theodore Osborne
807697|Srinivas Krishnamoorthy
808289|Mary Bunch
809807|Alan Hrycyshyn
811522|Mykola Polyuha
812580|Nigel Joseph
812992|Peter Durksen
812993|Douglas Fairbairn
812994|Robert MacMillan
812997|Allan Pitman
812998|Michael Van Bussel
812999|Deani Van Pelt
817258|Rhonda Gilby
818261|Slobodan Simonovic
819922|Peter Guthrie
821054|Jayshri Sabarinathan
821194|Margaret Campbell-Brown
821195|Martin Houde
822373|Andrew Walsh
826878|Kathryn Fenton
830014|Jeffrey Turco
831010|Marianne Larsen
831012|Perry Klein
831839|Jeffery Vacante
831840|Wei Wei Da
832268|Daphne Heywood
835724|Stanley Dunn
836774|Robert MacDougall
837054|Gilbert Brodie
838473|Robert Babe
839268|Lina Sunseri
850817|Ajay Kumar Ray
853796|Thomas Overend
854825|John Barnett
855786|Matthew Revington
855983|Chris Hajzler
860320|Paul-Philippe Pare
860548|Michael Tremblay
862934|Julie Aherne
863299|John de Bruyn
863642|Karen Hussey
866393|Isola Ajiferuke
867046|Ronald Trojcak
867100|Mark Speechley
867670|Linda Sabathy-Judd
875141|Kinga Pozniak
876081|Sandra Parmegiani
881407|Douglas Jones
893462|Mark Vandenbosch
894263|Karen Ching
898071|Joseph Figliomeni
898881|William McKercher
901121|Mario Levesque
902485|Suzanne Kearns
902707|Claire Gurski
906565|Walid El-Khattam
906782|Ewa Cairns
907047|Sung Kim
908005|Mark Cleveland
908033|Ileana Paul
910831|Matthew Carter
911911|Carolyn Gibson
923466|Tara Fidler-Bruno
923863|Rodney Parker
925610|Shantanu Basu
928115|Kenneth Chung
928332|Hong Ling
929035|James O'Brien
930749|Paul Frehner
930917|Dan Mellamphy
931069|Robert Hegele
931337|David Baguley
932083|Lorie Donelle
937158|Inge Sanmiya
944032|Nusha Keyghobadi
944034|Hugh Henry
945497|Polly Stringle
946695|Jeremy McNeil
947169|John Cuciurean
949757|Monica Codina
952026|Devkamal Dutta
952603|Gregory Gloor
953469|Lisa Archibald
957571|T.K. Sham
957713|Allison Konrad
959642|Steve Bland
960416|Yeen Ten Hwang
962794|Jane Edwards
964845|Dorothy Nielsen
969098|Jon Balony
969957|Nadine Morad
972350|Nadine De Moras
975746|Brent Sinclair
975997|Rozzet Jurdi
978545|Marylin Hill
982934|Frank Cameron
984075|Vijay Parsa
987365|Daniel Martin
995411|Mustaq Khan
999774|John Turri
1000578|Scott Petrie
1001740|Claus Rerup
1001741|Denis Shackel
1002191|Wendy Ellis
1002193|Tim Hill
1002544|Vivi Tryphonopolous
1007429| Parfyonova
1009648|Theresa Hyland
1013042|Melissa Jean
1018350|Simona Pruteanu
1018592|Jason Haradyn
1018865|Joseph Torchia
1022599|Kendall Sharp
1026668|Eric Tenkorang
1027360|Jose Malagon-Lopez
1028172|Nancy Platt
1028707|Ashleigh Ross
1031384|Amanda Norley
1031437|Diane Goldstein
1035589|Leah Hamilton
1037226|Diane Bryant
1039366|Saqib Ahmed Khan
1041020|J Richards
1044905|Roman Moriantes
1046972|Ben Lester
1052500|Marsha Watson
1060059|Sharon Garcia
1063915|Eric Schost
1067036|Beth Gillies
1068449|David Poolman
1073346|Rachel Bezner-Kerr
1073944|Janette McDougall
1077324|Isabelle Giroux
1078298|P Ferguson
1087347|Cameron Anderson
1087666|C.Y. Kang
1087917|Collette Southam
1090198|Nicholas Spence
1093138|Christian Smith
1093225|Craig Hall
1093867|Sharon Sliwinski
1101288|Brian Neff
1101616|Anna Esselment
1101630|Bjarni Tryggvason
1105337|Glen Koehn
1107040|Michael Groden
1108129|Lara Karaian
1108396|Stephen Lomber
1110923|James Fraser
1116743|Sally McNamee
1117456|Carmen Barbu
1117801|Jiang Dazhi
1129192|Chris Wilbur
1129992|Len Luyt
1129995|Oleg Seminikhin
1131636|Sophie Roland-Wieczorek
1131939|Susan O'Neill
1132537|Ivan Chow
1136663|Amanda Etches-Johnson
1136668|Meredith Farkas
1136860|Raihan Uddin
1141422|Keri Lamb
1143060|Amirnaser Yazdani
1145634|Martin Beckmann
1147881|Gabriel Dimattia
1149775|Kim Shuey
1150540|Guoren Zhang
1151326|Yolanda Morbey
1151611|John Hutter
1152646|Braz Camargo
1154300|Xavier Gamboa
1158143|Kyunghee Kim
1159097|Michele Stewart
1160952|Marla Wolf
1169468|Audrey Restorick
1172740|Jagjit Kohli
1174023|Corey Dyck
1181047|Timothy Cobban
1186969|Rita Sharma
1187799|David Shoesmith
1187853|Colleen Richardson
1188726|June Matthews
1194332|Renee Zatzman
1196539|Lars Strother
1197003|Jan Cami
1199078|Aref Bakhtazad
1210053|Michael Capobianco
1216606|Monali Malvankar
1219941|David Navarro
1222752|Mike Moffat
1228853|Elizabeth Hayden
1231119|Janet Chung
1231134|Seung Hwan (mark) Lee
1231729|Patricia Smith
1233749|Wyn Gelynyse
1236165|Andrew Hines
1237349|Rommel Tirona
1238564|Tania Granadillo
1240227|Frank Beier
1241245|Natasha Patrito-Hannon
1241732|Art Zuidema
1241864|Renée Pereira
1247963|Prabhjot Parmar
1250839|Kristin Lozanski
1251045|Samantha Doralp
1254393|Steven Bruhm
1255581|Chandan Chakraborty
1256640|Laura Huey
1258670|Troy Ducharme
1259171|Mike Burrell
1259868|Sheldon Joyner
1260064|Brian Pagenkopf
1260141|Marc Kosciejew
1261889|Mary Copps-Sutherland
1265402|Bobbi Thompson
1269404|Scott Wier
1271769|Stephen Burgess-Whiting
1272801|Kathryn McArthur
1273540|Amanda Moehring
1274120|Marsha Branco
1283701|Deanna Friesen
1283703|Joshua Barath
1283968|Stephanie Kelly
1284294|Bethany White
1284653|Yao Li
1286701|Phil McCausland
1287601|Cynthia Scheuer
1289059|Agata Dusko
1289688|Robert Sandieson
1293698|Marianna Hosking
1293756|Carol Agocs
1294017|Benoit Trudel
1296267|Colussi Colussi
1296283|Ferrero Ferrero
1296785|Gregg Redner
1296872|Adam Metzler
1297154|Adelle Knutt
1298732|Radu Capitan Dan
1301168|Ian Dunn
1301393|Gomez Gomez
1302702|Pizzale Norm
1302949|Provost Provost
1302951|S. Provost
1303947|Sarah Bassnett
1305386|Michael Fox
1307021|Hiro Nasahara
1307355|Michael Buzzelli
1307451|Andrew Botterell
1308297|Diala Al-Dabbas
1310153|Lesley MacAskill
1311881|Kesena Bushmeneva
1324229|Mikko Karttunen
1327105|Mary King
1327404|Anupam Das
1328497|John Knight
1329878|Shiva Singh
1331658|Bath McDougal
1331659|Beth McDougal
1331980|Simona Hodis
1332491|Marla Toyne
1332527|Peter Oman
1332831|David Reid
1333272|Kevin Goodwin
1334860|Sinead Dufour
1337834|Pamela Dietrich
1341298|Shannon Butler
1345899|Angelique Petropanagos
1349580|Mark Levstik
1350147|Jamie Hyodo
1362392|Angelique Angelique Petropanagos
1371930|Helen Parkinson
1372187|Rajulton Fernando
1372240|Lyudmila Goncharova
1378046|Robert Shcherbakov
1379417|Nicholas Fawcett
1379814|Nadine Ramrattan
1379902|Dave Barnes
1381406|Patricia Corcoran
1381955|Michael Owen
1387171|Ben Hovius
1390444|Geoff Stewart
1391326|Greg Smith
1395332|Andrew Sancton
1395558|Elizabeth Polack
1399447|Reginals Kulperger
1399803|Giovanni Fanchini
1403412|George Jia
1404241|Victor Han
1404734|Mark Fox
1404784|Thomas Linn
1407132|Rebecca Josephy
1408658|Terry Moschandreou
1409389|Fellavwbzum Piktbhywpppg
1416179|Greg Andres
1416770|Dan Montanera
1418045|Justice John McGarry
1418523|Ariff Kachra
1419685|Jeffrey Spring
1421525|Kali Trzesniewski
1422041|Larry Haylor
1424042|Ryan Middleton
1425388|Rob Corless
1426161|Joe Compeau
1426718|Matthew Smith
1427680|Alexis Dolphin
1433785|Lilliana Montoya
1433892|Corrine Walsh
1433894|Sydney Liam Van Beek
1434721|Ben Forster
1436256|Eric Janssen
1438277|Lucy Fang
1439629|Sarah Gallagher
1440338|Nathaniel Lupton
1448826|Solomon Asantey
1449632|Patricia Bayona
1451494|Stephanie Hastings
1451594|Mike Dove
1452454|Rae Ian
1452574|Dean Lowrie
1455346|Kirsten Schultz
1455551|Janet Ambacher
1456043|Caroline McIsaac
1456320|Pauline Barmby
1456755|Kyle Asquith
1457231|Kanthi Kaluarachchi
1457232|Greg Reid
1457300|Jen Kozak
1458067|Theresa Topic
1459811|Ian Rae
1459947|Heidi Collet
1459948|Heidi Collet
1459950|Heidi Kellett
1459951|Trista Mallory
1460729|Vince Manzerolle
1461124|Martijn Van Hasselt
1461327|Gordon Osinski
1464442|Richard Sorrentino
1466060|Ryan Gillespie
1470275|Dave Ross
1471197|Pete Smith
1472934|Marina Soroka
1473354|Timothy Newson
1474380|Jennifer MacRae
1476041|Kathryn Alexander
1476842|Robert Bartha
1476844|Ravi Menon
1477051|Andrey Minchenko
1477409|Rob Schincariol
1478322|David Riley
1478530|Thomas O'Neill
1479073|Chau Tran
1481474|Sean Burkett
1482470|Sandra Lackenbauer
1483035|Sheldon Chow
1483118|Samuel Troslow
1483467|Eli Gladstone
1483544|Laurie-Anne King
1484513|Constanza Burucua
1490752|Michael Stevenson
1492380|Michael Buma
1492483|Jason Neal
1492484|Diane Neal
1501415|Erica Spear
1502448|Beate Gundert
1502737|Emily Ansari
1505145|Bonnie Deroo
1507587|Anna Madelska
1508719|Celia Hsaio
1509547|Kevin Dean
1513985|James Davies
1514002|Phillip Meng
1516352|Jean-Francois Millaire
1516893|Arash Pourkia
1517069|Nina Zitani
1519394|Fukui Mitsume
1521698|Charlene Spector
1522041|Norm Duke
1524045|Pujun Liu
1524241|Henrik Lagerlund
1525016|David Hoogenboom
1525548|Catharine Monteith
1527329|Mark Reesor
1529257|Christopher Lee
1534142|Louisa Preston
1534571|Jennifer McDonald
1537451|Laura Petican
1539548|Nancy Annett
1540559|Jessica Kelly
1541398|Geordie Shepherd
1541530|David Hoogenbom
1541691|Marnie Branfireun
1542230|Nadine Wathen
1544347|Nicholas McGinnis
1544432|Asim Ali
1546284|Cecilia Brain
1546979|Emre Coskun
1547750|Wayne Miller
1549543|Eric Silverberg
1550898|Jennifer Hunter
1557810|Shawna Weingartner
1558134|Kathy Hogarth
1558804|Kate Johnson
1558808|Michael McNally
1561696|Mattias Franz
1561991|Michael Daubs
1562555|Miriam Capretz
1563412|Dylan Cyr
1563831|Karla Landells
1565173|Immaculate Namukasa
1565175|Farahnaz Faez
1565176|Roz Stooke
1567862|Yves Bureau
1568975|Ekaterina Shemyakova
1570351|Jeff Yalzi
1570656|Win Winifred
1579288|Gail Atkinson
1581167|Helene Lawler
1583336|Nadine Fladd
1586045|Brian Shaw
1586635|Zia Khan
1586739|Pete Theodosopoulos
1590179|Maria Drangova
1591491|Barry Schwartz
1591814|Elan Paulson
1592129|Margaret McGlynn
1593493|Kevin Thompson
1593778|Michelle Andrighetti
1595049|Sonia Reis
1595103|Parker Lowrey
1596017|Richard Matthews
1596777|Peter Rogan
1596794|Mark Jull
1597096|Stacey Hann
1597097|Grigori Erenburg
1598516|Marnin Heisel
1598987|Brian Diemer
1598994|Utku Suleymanoglu
1599288|Thomas Margoni
1599380|Dean Betts
1599558|James O'Brian
1599632|Yulia Romaniuk
1599647|Tony Frost
1599880|Ross Esson
1600844|William Marshall
1601039|T.E Haffle
1601594|Oleg Semenikhin
1601595|Wayne Hocking
1602350|Ken Hardy
1603100|Howard Lupovitch
1603704|Trina Poulopoulos
1604919|Alvin Segal
1605959|Adetoun Ilumoka
1612721|Alain Ducharme
1613403|Meg Cheesman
1614859|Stefan Tohaneanu
1614929|David Standford
1615300|Patrick Howlett
1616391|Jiandong Ren
1616909|Andreea Bacara
1617983|Alain Goldschlager
1618003|Mehdi Garrousian3
1620290|Nick Ray
1621954|Daniel Crim
1622327|Roma Harris
1623221|Nick Hardy
1623757|Allison Fisher
1624578|Nirav Mehta
1624755|Murat Yasar
1627470|Karen George Michel
1635681|Janine Higgins
1637375|Joyce De Garavito(chair)
1638148|Kevin Watson
1640098|Alison Braley
1640787|Ray Zabulionis
1644800|Juan Carlos Rocha Osornio
1645230|Lyndsay Fitzgeorge
1646403|Jehanbakhsh Jasavala
1648437|Catherine Campbell-Johnston
1651686|Karen Priestman
1651886|Michael Milhausen
1656330|Georgios Fthenos
1658384|Wokia Kumase
1659283|Genevieve De Viveiros
1662628|Andrew Roberts
1663237|Lisa Shackelton
1664235|Aaron Haig
1664476|Rick Fehr
1664974|Nicolas Fillion
1665024|Jordana Garbati
1665923|Jonathan Lee
1671015|Abednego Aryee
1672729|Julia Woodhall
1672891|Alexa Woloshyn
1674742|Joan Ellsworth
1677610|Robert Sobot
1679507|Lee Betchen
1679713|Chris Robinson
1679718|Jacob Short
1680426|Boyan Bejanov
1680782|Douglass St.Christian
1681343|Katharina Paxman
1681611|Laura Misener
1682168|Steve Laviolette
1684431|Carmen Leung
1684582|Cathie Brown
1686567|Adena Miller
1688689|Kai (jackie) Zhao
1691440|Steven Didham
1691479|David Litchfield
1692981|Charles Burnetts
1694965|Linda Howie
1695612|Andy Babwah
1696286|John Harper
1697130|Hesham Elnegar
1697688|Jaclyn Cairns
1697738|Kathy Hibbert
1699361|Norman Huner
1700631|Silvia Perpinan
1700983|Robert Linnen
1702305|Suzanne Ricard
1702363|Kelli Deeth
1704185|Chris Racknor
1705222|Maria Ponomareva
1705225|Greg Pavlov
1706244|Ronald George
1706584|Tom Deligiannis
1707446|Angela White
1708683|Randall Pogorzelski
1708795|Adrian Ciani
1710306|Catharine Dishke-Hondzel
1712837|Muhammad Raza
1713110|Geoff Read
1714410|Mohammed A. I. Al-Qedra
1715924|Yining Huang
1716051|Jonathon Bakan
1716061|Douglas Campbell
1717088|Gaston Keller
1718698|Steven Kerfoot
1722673|Brad Urquhart
1725674|Madeline Bassnett
1729048|Bridget Elliott
1730942|Jacqueline Lewis
1732560|Randall Marylin
1733219|Cameron Harrington
1735570|Rodney Dekoter
1735571|Bryan Heit
1735856|Murshed Chowdhury
1736064|Christine Morley
1737065|Marilla McCargar
1737376|Peter Fragiskatos
1739149|Bob Larose
1740919|Danielle Battram
1747148|Diverson Mzemba
1747174|Combariza Gonzalez
1747310|Xavien MacHu
1747447|Burns Cheadle
1748038|Pascale Manning
1748670|Alison Braley-Rattai
1748945|Stephen Gray
1749103|Christina Ionica
1749165|Chris Myhr
1751424|Catherine Corrigall-Brown
1751798|Patrick Clipsham
1752149|Christian Maxwell
1755586|Martin Vanhoof
1755866|Aaron Scheider
1756542|Alex Babanski
1756554|Kamran Sedig
1761183|Todd Wieczorek
1764830|Andres Carvajal
1766080|Livio Tornabene
1766661|Carolynn Bart-Riedstra
1766664|Sophia Apostol
1766666|Cheryl Martin
1769233|Suzanne Dubé
1769383|Neil Klassen
1770197|Kadie Ward
1773591|Paula Dworatzek
1775646|Melitta Adamson
1777045|Ronald Hae
1778220|Andrew Wade
1785166|Lindsay Murrell
1786772|Hannah Rasmussen
1787702|Reuven Brandt
1788467|Carl Young
1791578|Deborah Fitzsimmons
1793247|Vadim Mazalov
1793608|Dave Watson
1794549|Hugo Bacard
1794772|Karim Mashnuk
1795198|Dino Pupulin
1795236|Kyle Fowle
1796380|Jessica Trisko
1797036|Keith Johnston
1798032|Katrina Moser
1801269|Elisa Segnini
1801795|Secil Erdogan
1803320|Braden Te Hiwi
1803801|Yoon Kim
1804803|Doug Hazelwood
1808493|Lara Descartes
1809879|Jessica Phillips
1811760|Cecily Alexander
1812042|Deana Schwarz
1812383|Michael Borgida
1812715|Jane Johnson
1814459|Courtney Newnham
1822611|Elizabeth Caucutt
1824089|Carolyn Chau
1824091|Michael Bechard
1824140|Marco Van De Wiel
1824141|Genvieve De Viveros
1824912|Ali Moatadelro
1830334|Michael Raine
1831779|Estee Fresco
1832910|Paul Jarvis
1834683|Marianna Chibotar-Rutkevich
1834833|Patrick McVdonald
1835338|Kathryn Mockler
1837570|Mark Holden
1839291|Rita Graban
1839303|Jeremy Roth
1840244|Omar Ortiz
1840960|Olessia Jouravlev
1848652|Andrew Binns
1855730|Norman Pizzale
1856319|Darren Henderson
1856523|Kathryn Brush
1856799|Alexandra Twyman
1857161|John Pippen
1858300|Alimjon Eshmatov
1859151|Mei-Lan Mamode
1862994|Sean Fitzpatrick
1869999|Martin Vezer
1872261|Myrto Manolaki
1873510|Nadine Abdulkarim
1875289|Paul Cruz
1879201|Martin Frankland
1880709|Michael Miller
1881857|Evan Cortens
1882534|Matt McLarnon
1884270|Jennifer Broxterman
1886371|Brenda McQuaid
1886779|Kerry McKenzie
1887224|Adam Yates
1888860|Ryan Broll
1892890|Johannes Middeke
1893156|Marion Austin
1895094|Farzad Fathizadeh
1895461|Alan Bester
1903976|Wells Patricia
1905797|Chris Bundock
1905866|Hassan Gomaa
1907223|Aileen Knip
1907781|Margaret Loudermilk
1908444|Alen Deakin
1909947|Liwen Vaughan
1910046|David Sherry
1911024|Colin McDougall
1911186|Brandon Malloy
1917028|Tatyana Barron
1917030|Marjorie Beth Locke
1921694|John Vanderheide
1922210|Graham Fraser
1924058|Sherri Preszcator
1924173|Mahmoud Sakr
1925657|Jason Neyers
1926638|shelly taylor
1928236|Rita Gardiner
1928239|Sherri Larkin
1928946|Sarah Hogarth Rossiter
1929513|Laura Brunton
1934756|Karen Dickson
1936364|Eduard Arriaga
1936624|Derek Conrod
1945333|Maged Youssef
1945784|Ayelet Ishai
1945947|Lisa Cianfrini
1947046|Caroline Junkins
1949120|Kathleen Rudolph
1949491|Tatsuma Wada
1949492|Maria Goltsman
1950951|Christopher Bundock
1951136|Shannon Wright
1951138|Jessica Bond
1952694|Janis Cardy
1958401|Brian Morris
1963228|Leonard Kurepin
1964128|Jeffrey Vicante
1964133|Cheryl Dudgeon
1969762|Graham Fraser
1969767|Christie Stewart
1970342|Dan Nguyen
1970761|Jun Wang
1970841|Takashi Kuboki
1973503|Darcy Harris
1975509|Stewart Smith
1977949|Shauna Devine
1979684|Michael Courey
1980518|Andrea Allen
1981144|Allan Macissac
1981537|Sarah Stanton
1981890|Cliff Levy
1982105|Gregg French
1982383|Martin McGavin
1982994|Jennifer Martin
1983333|Cihan Okay
1987214|Anne Marie DeCicco-Best
1988175|Rafael Nicolas Fermin Cota
1988208|Kim Neudorf
1988498|Georgia Mouroutsou
1989014|Sarah Wobick-Segev
1990585|Ramona Fernandez
1991948|Ahmed Refaey Hussein
1992125|Sofia Lianou
1992809|Rebecca Machado
1993388|Eric Arts
1994082|Bhagirath Singh
1994990|Neal Ferris
1995957|Konstantin Kreyman
1998056|Charles Xu
1998771|Michael Sloane
1999815|Meg Lewis
1999916|Donna Dennis
1999918|Mike Ravenek
2000339|Kathy Burns
2003060|Bohan Li
2005020|Pawel Kurowski
2006383|Anastasia Jones
2011005|Genoveva Marti
2011319|Tor Oiamo
2011727|Patrick McDonald
2012673|Harold Hugel
2013699|Miriam Love
2016795|Audrey Bouvier
2021521|Bella Copland
2023997|Cristin Keller
2024313|Anthony Withers
2024349|Vahid Sotode
2024571|Gillian Mandich
2025092|Darren Rainhard
2025727|Jacob Bellone
2026342|Marjorie Johnson
2026770|Taylor Kohut
2027169|Michelle Gibson
2028707|Franco Berruti
2028877|Scott Lin
2030418|Mary Kay Arundel
2033778|Kamran Ahmed
2034582|Riley Dillon
2039895|Roberto Leone
2041033|Tessa Weidner
2041065|Samuel Theocharis
2041560|Jessica Cameron
2041637|Susan Meakin
2041714|Bamidele Fadiya
2042255|Mark Dolson
2042643|Kim Moodie
2042939|Maria Mosco
2043276|Jordan Dyk
2044643|Katelyn Bryant
2047738|David Hickey
2049230|Azaz Sharif
2050964|Nikita Zhang
2051908|Steve Denniss
2051955|Bill Irwin
2053594|Catherine Gelinas
2056597|Megan Clements
2058544|Sherif Ghali
2059845|Francesco Sala
2065242|Purvi Gupta
2065445|Shawn Spicer
2068827|Johnston Sonik
2070384|Ryan Rego
2070385|Jimmy Wang
2072185|Emerson Doyle
2072359|Sheila Kappler
2072564|Michael Allen
2074268|Julianna Beaudoin
2075758|Richard Booth
2076057|Victoria Rubin
2076066|Sarah Roberts
2077558|Jeff Shantz
2081560|Robert Carpenter
2081885|Dale Yoshida
2081888|Brian Langen
2085159|Justin Feeney
2086429|Patricia Hamilton
2087435|Daniel Bechard
2088078|Genese Warr-Leeper
2089144|Karol Szumilo
2089395|Tony Francolini
2091426|Dominic Pjontek
2091906|Rhodri Cusack
2092116|Suzanne Huot
2092890|Yvonne Asare-Bediako
2092938|Judith Hepburn
2093981|Lyudmil Marinov
2094056|Christin Bibby
2094424|M Ajmal Khan
2094443|Caroline Strang
2094887|Essam Mourad
2096236|Stephen Ferguson
2096416|Robert Dean
2096434|Hannah Lawlor
2096816|Eric Buckolz
2096988|Jim Lacefield
2097268|Srujan Enaganti
2097498|Jiandong Ren
2097892|Anna Zuschlag
2097934|Dora Tam
2099394|Alan Slivinski
2099702|Corinne Walsh
2101078|Nort Brogs
2101369|Abouzar Sadrekarimi
2104569|Ahmad Hamada
2104816|Javad Rastegari Koopaei
2104966|Shazia Sadaf
2105532|Alyssa Gilbert
2106424|Vivek Astvansh
2107530|Eric Cabral
2108001|Sam Theocharis
2108234|Aaron Hodgson
2109202|Kyle Gervais
2110181|Chris Nicholls
2110306|Kristina Sendova
2112857|Nick Caruana
2113183|Vincent Liardi
2113262|Paulette Rothbauer
2113271|Louis D'Alton
2113275|Alexandre Fortier
2113276|Grant Campbell
2113362|Karin Schwerdtner
2114893|Angelica Hernandez
2114955|Laura MacDiarmid
2115759|Kachelit Kelly Raz
2116171|Kim Jackson
2117436|Anne Young
2117441|Robert Soloman
2117442|Shannon Potter
2117446|Kathleen Gamble
2117660|jeoung hee lee
2118814|Wenya Wang
2120249|Leonid Kurepin
2121614|Erin Demaiter
2122087|Angela Peck
2122601|Michelle Hutchinson Grondin
2122623|Reza Ashouri-Talooki
2122658|Trent Cruz
2124001|Natalie Pietrzak-Renaud
2124542|Thomas Cooke
2126211|Paul Schmidt
2126229|Jamie Seabrook
2126682|Sharif Khan
2128580|Catherine Neish
2129618|Ana Trejos
2132902|Gillian Corbo
2135168|Kelly Jazvac
2137611|Carol Doyle-Jones
2138408|Liza Stathokostas
2139214|Mary Millard
2140508|Jennie Such
2146431|Mary Lou Smoke
2149707|Peter Foltin
2149908|Joel Slade
2150082|Matthew Troncone
2150601|J. Rosario
2151206|Kristina Sendova
2151728|Robert Antone
2152003|David Brock
2152139|Tunji Osinubi
2152711|Eona Karakacili
2152754|Tonya Davidson
2154002|Oluwakemi Ola
2155249|Marja Miller
2155660|Gabriella Solti
2156202|Lutzen Riedstra
2156677|James Hughes
2156750|Emily Pez
2157219|Lawrence Burns
2157232|Jessica Wiebe
2157277|Mysty Clapton
2158935|Jeremiah De Sousa
2158937|Eleni Petrou
2161546|Christopher Taylor
2161810|Scott Schofield
2163862|Stephanie Paplinskie
2168589|Christof Migone
2169864|Josue Rosario-Ortega
2170978|Fosco Loregian
2171155|Pal Zsamboki
2171207|Naho Ogata
2171333|Joseph Mullins
2171417|Hua Huang
2171565|Andrea Soddu
2172177|Guliz Akkaymak
2172385|Scott MacDougall
2174759|Catherinanne George
2176663|Robin Kirk
2180048|Louis Ferreira
2184107|Benjamin Marcus
2186391|Raza Khan
2186470|Kyle Cameron
2189078|Rachel Birnbaum
2192790|igor livshits
2195213|Emmanuel Songsore
2196565|Carol-Lynn Chambers
2197501|Armin Jamshidpey
2199140|Mark Bernards
2199364|Vickie Croley
2202253|Stephan Vachon
2203192|Walter Siqueira
2206723|Samantha Brennan
2207903|Seyed Hadi
2209637|Dalia Hasan
2210497|Carol Hunsberger
2214118|Katerina Rnic
2214964|Joel Armstrong
2215076|Natascha Wesch
2218039|Chris Hewitt
2219374|Jessica Grahn
2219377|Daniel Smith
2221665|Frederick King
2222106|Jamie Kramer
2223346|Sarah Smits-Bandstra
2226146|Mayme Lefurgey
2226243|Taylor McKee
2227488|Mansour Bouaziz
2228059|Tarrah Fairweather
2231169|Gerard Butcher
2231390|John Lianzi
2232006|Lars Rehmann
2235313|Emily Knight
2244883|Elizabeth Torrens
2245099|Shannon Webb
2247117|Leah Taylor
2247217|Thomas Tieku
2250660|Jan Hill
2252690|Chad Walker
2255984|Yasaman Rafat
2258487|Neil Bendle
2263416|Patrick Schmidt
2263417|Cathy Benedict
2264190|Ethan Chochinov
2264770|Peter Brown
2268487|Kate Stanley
2269087|Natalie White
2269089|David Brooks
2269504|Rob Green
2277095|Volodymyr Miranksy
2279061|Alexandra Houston
2279527|Grace Parraga
2279678|Gladys Ylimaki
2281443|Christine Roulston
2283664|Mark Milne
2287082|Mohamad Ghaziaskar
2287755|Carol Jones
2287780|Melanie McPhail
2290146|Ritika Shrimali
2290784|Joy James
2292707|Kalin Penev
2294860|Amanda Cosentino
2295494|Jeannie Shearer
2296217|Lydia Osei
2297368|Jordan Sills
2300282|Stanislav Rajic
2300286|Anjana Balakrishnan
2304301|Mark Baker
2306050|Leslie Whittington-Carter
2307003|Cheryl Madliger
2310049|Alissa Centivany
2310309|Jason Brasse
2314065|Carolyn Guertin
2314356|Robert Gros
2314416|Natahnee Winder
2315995|Philip Doyle
2317595|Harpreet Bassi
2318376|Carrie Smith
2320285|Chris Alcantara
2323636|Sarah Moroz
2323703|Allan O'Hara
2323907|Ahmed Ashraf
2324724|Katherine Hoad-Reddick
2325139|Martha Dagnew
2328364|Elyssa Gordon-Moershel
2328970|James Westman
2330320|Maxwell Smith
2330970|James Ciesla
2335012|Gregory Reld
2335295|Donald Hilton
2335448|Lainey Lui
2336351|David Bourget
2337343|Xing Gu
2340388|Bogumil Karas
2340644|Roopa Bose
2340812|Emilio Reyes
2341111|Marc Mazur
2341479|Lauren Giugno
2341594|Oleksiy Zaika
2342685|Amanda Lorbergs
2343513|Joyce Garnett
2343799|Rachel Plouffe
2344699|Zoran Maric
2345428|Gerald McKinley
2345430|Ava John-Baptiste
2347112|Chantelle Richmond
2347217|Lloy Wylie
2347225|Amardeep Thind
2348009|Bridget Ryan
2348010|Amanda Terry
2348256|Maria Santos
2348511|Jessie Wilson
2349362|Glenn Marshall
2350849|Gillian Barker
2351885|Andrew Lewis
2352795|Octavian Mitrea
2354317|Maureen Reid
2355696|Jonathan De Souza
2357892|Laurentiu Cociu
2358450|Ryan Willings
2358853|Cassandra Ellis
2360797|Clifford Davidson
2361002|Sarah Nimigan
2361115|Jayson Killoran
2363126|Tarik Menkad
2365132|David Calnitsky
2367830|Umut Incesu
2370578|Ashley Sopala Boza
2370812|Andrea Di Sebastiano
2376084|Wenxing Zhou
2378403|Deanna Walker
2378679|Li Sun
2378696|Daniel Goldman
2384832|Geoffrey Stewart
2385556|Laura MacDiarmid
2388037|Jame Santana
2388294|Scott Loveland
2388793|Patrick Denice
2391194|Teresa Flanagan
2391436|Rachel Calogero
2391439|Andrea Allen
2391627|Cheryl Bauman-Buffone
2391628|Melody Viczko
2391694|Kabir Daljeet
2391748|Christine Sprengler
2399880|Grayden Gordon
2400509|Johanna Blacquiere
2401356|Crystal Gaudet
2401602|Jennifer McDonald
2401918|Nikolas Knowles
2401961|Jami McFarland
2402386|Marco Vergura
2406949|Lucia Hussey
2407349|Zach Lindsey
2410462|Arash Bandegan
2413466|Michael Poulter
2417493|Christian Ylagan
2418522|Keren Escobar
2418636|Zachery Lindsey
2423552|Melissa Cheater
2428925|Pooja Krishen
2430045|Lori Kirkpatrick
2430544|Susanna Donaldson
2430765|Beatrice Chetard
2431447|Trevor Medeiros
2432831|Holly Relouw
2432872|Brian Allman
2437201|Mingyuan Zhang
2439025|Scott Rollo
2439369|John Thompson
2445071|Keri Selkirk
2445115|Sheng Tang
2448509|Kathryn Turnbull
2448745|Donna Kotsopoulos
2448830|Victor Aguiar
2448866|Tamara Thompson
2450983|Ethan Jackson
2451808|Scott Connors
2452194|Vladimir Miranskyy
2452808|Nazmul Ahsan
2459130|Lisa Defoe
2461438|Eunjueong Kwon
2463249|Kenan Omercajic
2465085|Daniel Ansari
2465947|Stephan Sylvestre
2466140|Khaled Badawy
2466210|Michael Friesen
2466528|Jayaprakash Raman
2469625|Evan Sauve
2469870|Ziyu Zhang
2471209|Joseph Depace
2472479|David Sumpton
2473691|Julie Aitken Schermer
2474034|Chunbao Charles Xu
2476582|Mohammad Najafi
2477222|Ingrid Mattson
2479054|Melanie MacEacheron
2480875|Jim Dickey
2482006|Pirathayini Srikantha
2482382|Katherine Pendakis
2482883|Ali Attaran
2483087|Sheri Elizabeth Molnar
2483299|Salazar Diego
2484606|Lisa Maselli
2491357|Shu Li
2494617|Anand Prakash
2496960|Daniel Hardy
2501390|Sharon Wei
2503574|Michael Aloisio
2503892|Michele Hancock
2504213|Merlin Chatwin
2505289|Deanna Walker
2505546|Ahmed Ibrahim
2506820|Tyler Beveridge
2516132|Gerhard Pratt
2518027|Joanna Sinos
2518550|Luis Scoccola
2520625|Xin Fu
2523006|Tony Frost
2523711|Dana Lopez
2523868|Javad Khodabakhsh
2528396|Andrew Wanus
2530377|Sharat Pani
2531136|Johnathan Hughes
2531623|Stuart Webb
2534619|Roger Antabe
2538750|Susan Toth
2539984|Nathan Dawthorne
2540168|Cristian Bravo
2541491|Raymond Bacud
2541686|Jonathan Hughes
2545160|George Gadanidis
2546497|Amy Freier
2546545|Mackenzie Enns
2558223|Ali Khatouni
2560465|Michael Agnew
2561778|Daniel Chaves
2562224|Brennan Vogel
2562882|Lindsay Bodell
2564181|Monica Marcelli
2566259|Kate Patterson
2568192|Donald Welsh
2568302|Anthony McCreery
2572809|Ralph DeLuca
2576875|Jack Hillier
2577967|Andrea Waters-Rist
2578780|Carol Ann Smith
2580792|Jacqueline MacDonald
2582557|Mel Gollan-Wills
2584693|Amanda Di Ponio
2585230|Jennifer Drummelsmith
2585330|Yawo Kobara
2586571|G. Daniel G. Langohr
2587177|Rowena Cornelius
2589864|Allison Segeren
2589866|Zheng Zhang
2593280|Katey Davidson
2593596|Lauren Nicholaas
2595015|Christopher Brogly
2599450|Pejman Habibie
2601588|Kaitlyn Oh
2602377|Samantha Medwid
2602467|Jing Jiang
2604325|Gadapat W.
2607501|Shuchi Karim
2608549|Jorn Diedrichsen
2609785|Katie Slemp
2610157|Sebastian Stefanits
2610540|Karas Michael
2610657|Devan Becker
2611258|Joshua LeClair
2617727|Deven Becker
2623906|Firouz Badrkhani
2625776|Lui David
2628109|Elizabeth Finneron-Burns
2628378|Sheri Henderson
2631250|Kim Baines
2636095|Charles Takongmo
2639693|Michele Barbeau
2642069|Nicolas Carlucci
2642734|Qi Qi
73580|Keir Keightley
1336317|Kristina Baron-Woods
2643199|Kaitlyn Gagnon
946424|Megan Shore
37244|Peter Ibbott
888753|David Merritt
2386435|Edward Gray
2630987|Bharat Sud
2570274|Jeannette Eberhard
2386051|Anders Holm
1883831|Latifeh Ahmadi
1228101|Adriana Premat
1810890|Jennifer Martin
2648940|Ahmed Hamada
1956800|Colin McDougall
2649915|Martha Black
1967354|Chris Kapulkin
2556231|Lindsay Bell
2643235|Xiaoming Liu
2103043|Samar El-Masri
1911714|Sebastien Ruffo
34317|Gordon Sinnamon
423513|Maya Shatzmiller
866392|Sam Trosow
499120|John Nassichuk
772603|Mario Longtin
2516339|Apurva Nakade
2654088|Leslie Kinton
1102394|Peter Ashmore
2004551|Daisy Hamelinck
2192123|Tom Malleson
59831|Monda Halpern
2481798|Mark Benner
10194|Anthony Straatman
2332505|Darren Meister
222266|Peter Timmins
2655751|Jessica White
71253|Sonia Halpern
2091122|Sonia Halpern
106701|Hanping Hong
45934|Chris Roney
1922892|Jonathon Southen
2084942|Jason Gerhard
2655737|Katsuichiro Goda
2566833|Grant Morin
2280456|Atle Kjosen
1501353|Charles Zheng
1617897|Andrew Mantulak
366138|Hanan Lutifyya
1886053|Christopher Guglielmo
1300900|Karen Pennesi
514549|Lisa Hodgetts
33243|Mahi Singh
1787889|Joe Gilroy
2432012|Dan Lizotte
1464440|Paul Frewen
36617|Gerry Moschopoulos
1974145|Rebecca Collins-Nelsen
2431307|Daniel Bednar
1750286|Mehdi Delrobaei
1609812|Christine Kennedy
382416|Marc Moreno Maza
2040421|Lucas Thung
566380|Adam Caplan
1934274|Sohrab Rohani
2459421|Tamer Mohamed
75006|Paul Nesbitt-Larking
267557|Julie Gosse
511127|Daniel Vaillancourt
2445474|Michael Robinson
427274|Charles Middleton
2481797|Madeline Burghardt
659391|Isaac Luginaah
1251982|Xianbin Wang
2183812|Angela Schneider
1000572|Benjamin Hill
589544|Kanstanstin Tsedryk
1809053|Paul Aitken
2623588|Jane Kovarikova
2662500|John Tsagarelis
2150878|Christina Brooker
2132831|Sandra Hessels
1238692|Claude Olivier
1371082|Lawrence Burns
1456548|Bob Sica
2151823|Dalton Wolfe
957570|Paul Ragogna
2663017|Katherine Helsen
1015400|Mark Rayner
1151660|Tricia Johnson
2663418|Mariya Goncheva
2660607|Lijia Liu
2663423|Andrea Boyer
896732|Pascal Munyankesha
2643804|Qihuang Zhang
1437132|Victoria Digby
44207|Helen Fielding
2522526|Andrew Herring
2240336|Yukari Seko
2236957|Katie Neil
2384250|Liam Kennedy
2659772|Sanjay Dhand
791802|Mary-Helen McMurran
428469|Lynn Jackson
2267181|Tess Hooks
839097|Wenqing He
2664836|Maged Elmadhoon
46150|Jennifer Irwin
2664929|Justine Horne
396998|Henri Boyi
1726947|David Haniford
923181|Brian Shilton
1224368|Victoria Wolff
1803134|Terry Sicular
1664770|Simona Cociuba
256206|Edward Comor
1192321|Tobias Nagl
321021|Angela Borchert
2623616|Ben Kajaste
2668393|John McGuire
1403913|Oana Branzei
32360|David Jeffery
2570558|Vincent Geloso
2298877|Mary Anne Davies-Mcilvena
971395|John Di Guglielmo
333328|Patrick Ryan
32081|Serguei Primak
30988|Craig Simpson
2669660|Martin Petrin
2669857|Claire Henderson
10898|John Mitchell
1109958|Kibret Mequanint
2246701|Abe Oudshoorn
2669358|Edmund Walsh
1760985|Michael Haight
2007039|Kimberley Baltzer-Jaray
32616|David Bentley
270956|Pamela McKenzie
807874|Sharon Roberts
2466149|Fernando Naranjo
908012|Diana Mok
71640|Rafael Montano
362266|Rajni Patel
66146|Ricardas Zitikis
1125462|Jody Merritt
2172725|Matthew Maxwell-Smith
1207465|Eric Sloat
2045087|L.Y. Jiang
2114945|Thomas Malleson
1735193|Sashko Damjanovsky
1556695|Ilia Polushin
1142876|Martin Horak
393745|Richard Vernon
1450012|Jean Leclerc
2473338|Hamid Abdolvand
734824|Ken McIsaac
1824300|Christopher Lee
907191|Rasul Shafikov
263521|Tim Freeborn
244046|Kenan Fanni
2342713|Beth Hundey
2031622|Michelle Gibson
2116416|Lynda Hutchinson
106699|Moncef Nehdi
23250|Kim Verwaayen
1215210|Erica Lawson
2677207|Vince Torano
2428162|Ryan Mack
822631|Karen Nielsen
2677763|Joan Binnendyk
328499|James Lacoste
204216|Stephen Pitel
2136493|Charles Saunders
421620|David Norton
36585|Clarissa Suranyi
954890|Janet Loo
2382772|Kirsty Robertson
1857301|Thelma Riddell
1683381|Hubert Pun
2168324|Robert Cockcroft
1703409|Wayne Myrvold
7923|Tim Blackmore
2681705|Jeremy Fairall
2095542|Nick Dyer-Witheford
2052230|Selma Purac
1887640|Johanna Weststar
2682238|Ilia Polouchine
2485757|Mehraneh Ebrahimi
2682490|Stephen Van Hedger
2203588|Ivan Culum
475926|Dominick Grace
32560|Kim Luton
53687|George Warecki
602597|Devin Henry
1604713|Suzanne Book
531945|Shelley McKellar
1707429|Robert Cumming
2526634|Bernard Graham
2571656|Greg Beckett
2683977|Martin Duennwald
2538175|Kascindra Shewan
2190960|Jeffery Wood
863910|Colin Denniston
2677974|Sanjay Kharche
1429547|Jaquetta Newman
1781299|Charles Stocking
1546927|Beth Lee
2400053|Glen Gorman
482868|Richard Gardiner
32423|Brian Patton
2388527|Robert Colquhoun
71680|Sergio Janczak
1099252|Jamie Melling
1903743|Susan Hunter
2479494|Juan Carlos Hatchondo
2081786|John Grant
2226385|Jimmy Dikeakos
2348711|Ryan Willing
1883223|Andrea King
951659|Ana Ning
751542|Terence Green
2569301|Dianne Lalonde
1466213|Janelle Blankenship
2687286|Jennifer Shields
2516644|Jay Stock
88982|Ian Colquhoun
1942074|Andrea Lawlor
939766|Patricia Gray
2687797|Jim Weese
2583706|Hiten Dave
412712|Susan Knabe
1808524|Neil Klar
1294625|Benjamin Muller
2539964|Marc Mitchell
47483|Joanna Devereux
1567352|Greg Dekaban
2663628|Anita Christie
2609889|Pamela Block
2470866|Adian McFarlane
2172859|Mohsen Mollahajiaghaei
1076607|Marta Dyczok
809097|Norma Coates
2391437|Don Saklofske
2659741|Sherry Liu
1240625|Christine Sprengler
1963660|Elizabeth Webb
763346|Glen Belfry
120745|Jeff St. Pierre
33408|Wendy Russell
2001952|Katherine Lawless
2266926|Crystal Gaudet
557846|Mitsume Fukui
2231304|Ryan Stevenson
437650|Lorne Campbell
383230|Carmen McCarron
2519256|Alexander Neshitov
2691612|Jim Weese
1434754|Michael Dove
2603105|Antoine Kornprobst
428382|Graham Broad
1602347|Julius-Kei Kato
44208|Christopher Brown
1420571|Paul Venesoen
1922839|Gahad Hamed
2671778|Marieke Mur
2687499|Anita Feher
2600095|Erin Ross
2405375|Laura Rosen
1919718|Catherine Pratt
1430584|Godwin Arku
2041431|Jeannie Samuel
2364640|Christina Maco
305054|John McCormick
17884|Andrew Johnson
1055675|David Jeffrey
890121|Quazi Rahman
2001378|Eunice Gorman
2363648|Carrie Arnold
272937|Lars Konermann
2623976|Aldo Hernandez
1558305|AL Slivinski
33590|Tai-Yeong Chung
609485|Karen Ferguson
1548968|Kate Helsen
39032|Peter Krats
64667|Alison Meek
34763|Tom Haffie
340539|John Meyer
2655747|Janet Madill
533802|Cristin Keller
2232106|Tyler Totten
982811|Abdallah Shami
1617895|Mahdi Tourage
2694387|Ying Fan
2154431|Andrew Wenaus
2040439|amy horton
1269014|Desmond Moser
819948|Dan Jorgensen
924303|Stephanie Bangarth
468585|Vidya Natarajan
2364593|Bruno Salcedo
71545|Edward Bell
1223048|Steven Kleinknecht
1716063|Shelley Cross-Mellor
361936|Robert Wardhaugh
2695188|Thomas Streeter
2501746|Holli Greenwald
1708350|Graham Thompson
1530627|Alexander Timoshenko
214907|Thomas Telfer
2644003|Rachel Margolis
2629702|Diana Lewis
1585635|David O'Gorman
2656855|David Edgell
2680449|Kelly Ogden
1190659|Histro Sendov
2696405|Cashmeira Tyson
1872477|Jeff Preston
84763|Greg Kelly
2357654|Kostas Kontogiannis
40890|Tess Hooks
788223|Ken Kirkwood
2525955|Dinesh Valluri
1733108|Dorotea Gucciardo
1240342|Lucas Savino
2106516|Dale Ballucci
2504437|Tracey Adams
55090|Steven Beauchemin
2537341|Andrew Knight-Messenger
2696941|Richard VandeWetering
2555985|Danielle Way
1290027|Danny Morrison
2676854|Rory McGee
2697036|Brian Branfireun
2565793|Kate Graham
2697814|Walid Altahan
272490|Jennifer Sutton
1622339|Michelle Everest
2694303|Janice Forsyth
34174|Romayne Smith-Fullerton
2662704|Joanna Redden
10308|Jim Johnson
189869|Brock Eayrs
2609916|Douglas Mann
1602853|Chris Pin
2305028|Federico Pasini
1711836|Melanie Chambers
2699059|Meghdad Rahimian
382527|Eric Savory
334877|A Guy Plint
2316090|Jennifer Robertson
71939|Stephen Lofts
1954560|Peter Lemon
2085702|Mansur Khamitov
218376|Peter Streufert
110542|Cary Takagaki
2247375|Sebastien Kouakou
2699914|Wonder Hiadzi
2699918|Matthew Brown
33473|Leigh MacDonald
108649|Marc Joanisse
2699939|Samantha Joel
660172|Ana Garcia-Allen
71711|Yuri Sangalli
2700606|Tianqing Peng
2679746|Peter Valovcik
1872451|Anne Simon
2676669|Christopher Clark
1387252|Julie Schermer
1279272|Cristine De Clercy
2660414|Amrapali Chatterjee
461194|Luiz Capretz
2238372|Maryam Tabeshian
2701449|Derek Pamukoff
161865|John Heng
2672989|Luke Stark
2527867|Daniel Langohr
1035370|Dwayne Jackson
1909336|Aaron Schneider
1791005|Kayla Baumgartner
1601597|Robert Moir
431249|Robert Stainton
1698704|Irene Cheung
1811775|Julie Conquer
1699229|Rie Shirakawa
819921|Yang Song
2703583|A. Bloch-Hansen
2703638|Winona Gadapati
2448876|Christine Bell
2664124|Ali Kamranzadeh
2023152|Tiara Sukhan
2626578|Eunice Chan
71212|Michael Fox
945191|Kim Solga
33508|James Doelman
865213|Lisa Jakubowski
2427834|Patrick Morley
436658|Debra Nousek
1328016|Serge Provost
34259|Tom Stavraky
70497|Laura Fazakas-DeHoog
2368921|Brian Dempsey
2364353|Thomas Peace
2618140|Don Uffen
26990|James Adcock
931108|Nandita Biswas Mellamphy
2232771|Andrew Chater
2706188|David Armstrong
87500|James Compton
10272|Roger Khayat
2536779|Sukhi Brar
1891436|David Smith
2707342|Alexandra Vance
461106|Sawako Akai-Mori
2678055|Jorge Lopez
1036185|Mehrdad Kermani
460611|Michiya Kawai
754158|Anthony Skelton
986033|Jonathan Boulter
56383|Gabrielle Ceraldi
68569|Jan Plug
2284291|Gabor Sass
2707841|Zoe Lindo
1492377|Joshua Schuster
2504981|Yan Lu
32919|Pietro Pirani
1304799|Ben Rubin
420826|Chris Roulston
773257|Mark Moscicki
1675159|Sarah Ross
1722007|John White
2699916|Phuong Vu
2708577|Alisaleh Shariati
2112872|Remus Tutunea-Fatan
1857376|Tom Cull
2024730|Adam Bohnet
2533388|Angela Beye
1821902|Dave Humphreys
114647|Thomas Richard Jenkyn
2620115|Kevin Granville
777734|Barb Sarma
32876|Vicki Olds
1224232|Jennifer Waugh
2658326|Jacob Hunte
1696929|Marie Savundranayagam
71604|David Wilson
648907|Luca Pocci
2039999|Barry Hawn
1615893|Cristina Caracchini
474165|Sohail Khan
866397|Lynne McKechnie
1741404|Heather Hill
2709892|Laszlo Sarkany
108044|Mike Katchabaw
1370654|Anita Woods
922443|Mark Yaniszewski
1380099|Shannon Sibbald
1784457|Jan Klakurka
125563|Miodrag Grbic
106515|Bill Dawson
2710728|Imran Abdool
1482956|Matthew Stahl
2710991|Shirin Abdmolaei
1463173|John Campbell
2707805|Anthony Jehn
2096435|Anne Schuurman
2608859|Da Zhi
1602345|Mark Yenson
2498849|Julie Byrd Clark
533476|Mark Cole
2582700|Terrence Rooney
1283702|Christine Tenk
1419882|Richard Shugar
2154006|Jeremy Copeland
2713205|Yasmin Gopal
1951137|Richie Bloomfield
1459805|Marlene Santin
2714620|Mita Ray
55570|Lynne Zarbatany
1638915|Alison Wiebe
41647|Torin Chiles
1842182|Nicholas Virtue
2385406|Guoyuan Liu
2718499|Sarah Blanchette
426096|Rajiv Varma
823651|Shahbaz Sheikh
1049904|Jose Herrera
2524386|Jack Stevenson
2719067|John Eberhard
2140023|Bipasha Baruah
34333|Robert Jonasson
1155624|Jonathan Geen
2601783|Kevin Vuong
36886|Raymond Leduc
798250|Jeff Tennant
2720224|Michael Petrie
873219|Tamie Poepping
1706913|Cathy Chovaz
463718|Joseph Michalski
1538517|Donna Maynard
2657816|Annaliese Pope
101363|Don Kerr
1101047|Valerie Zawilski
58900|David Meredith
2461297|Paul Mensink
1241504|Erin Hannah
1702971|Aleksandra Zecevic
2676702|Abe Abraham
2710009|Vanessa Sinclair
1854364|Trina Ruthes
734462|Julie Ponesse
1824276|Anne Snowdon
2153933|Paul Woodford
2347616|Xiunan Wang
869406|Lisa Lyons
2288881|Anna Zajacova
2364148|Kyle Leistner
2040723|Matthias Franz
2167284|Anwar Haque
1805596|Anita Cramp
628689|Paul Wiegert
1468439|Jason Gililland
2344546|Elysee Nouvet
2687823|Eva Cupchik
1279964|Diana Buglea
2725621|Anna Blumenthal
2568002|Wes Kinghorn
1962264|Marie-Simone Raad
439250|Adrian Mioc
596049|Alex Buchel
15007|John Palmer
2584631|Lauren Auger
2726436|Luuk Verhoeven
2564731|Kim Ashby
2343139|Evan Cleave
71198|Ross Gibbons
2041149|Phillip King
2728108|Dan Shin
2728062|Chris White
2575393|Craig Thompson
2728305|Anastasiia Suvorova
1026460|Michael Kerr
74780|Greg Thorn
2728674|Gyongyi Hegedus
2728985|Simon Bonner
900246|Leonard Piche
1625606|Gyongi Hegedus
1938728|Marc Yenson
2457112|Camila de Souza
1623158|Michael Heine
2710773|Jacob Morra
2730023|Oana Birceanu
2709262|Nicolette Noonan
40881|Helene Cummins
2423653|Julie Young-Marcellin
1250712|James Wisner
2023883|Pamela Glatt
369072|Michael Lynk
74701|Mike Bauer
31429|Mark Workentin
954851|Pauline Wakeham
461195|Tarlochan Sidhu
749908|May Tajima
32363|Trevor Luke
2579988|Carla Duarte Da Silva
2734083|Jose Espinoza
830392|Andrew Iarocci
2665584|Felipe Quintanilla
2734303|Greg De Souza
1857485|Najeh Jisrawizarir
331118|Mark Franke
2550305|Shaimaa Ali
1742632|Rick Csiernik
16458|Pei Yu
2736550|Ian Dantzer
2727135|Debra Jared
518553|Darren Marks
2218602|Michael Rooyakkers
2185888|Andrew Pruszynski
2658394|Ilka Heinemann
2657992|John Makaran
34875|Stephen Lupker
1324190|Dr. Mike
2517657|Avi Steiner
1024890|Ross Bullen
1302937|Ajit Pyati
1762415|Joseph Turnbull
2096576|Jennifer Reynolds
1874985|Liam Riley
2739569|Adam Koenig
595526|Kathleen Hill
1052701|Hui Feng
1413093|Irene Krajnyk
2644303|John Mcleod
406725|Reneé Soulodre-LaFrance
2656335|Katarina Grolinger
71596|Hanif Ladak
1788825|Joseph Raaymakers
32901|Glen Stirling
2369942|Sarah McLean
2740854|Curtis Aquino
2741369|Renfang Tian
2741450|Michael Boutilier
1673407|Allyson Larkin
2502542|Matthew Carew
1426542|Lucy HE
907179|Ajneet Dhillon
2444367|Simon Bonner
15716|Masoud Khalkhali
795196|Charles Weijer
1459184|Dan Bousfiled
2589593|Jennifer Tunnicliffe
932485|Claudia Manley
2284021|Derek Silva
1618817|Coby Dowdell
2132833|Mike Morrison
1805390|Harry Prapavessis
2362669|Eric Collins
2434542|Emily Lalone
2239853|Aaron Price
1674427|Christopher Degroot
2670791|Raphael Bender Bennett
2501011|Erika Katzman
474403|W Turkel
415175|Philip King
32378|Lindi Wahl
2657279|Hyukjun Gweon
1709465|Eric Desjardins
1709200|Beth Greene
2388298|Josephine Gemson
977582|Jun Fang
431380|Alan MacEachern
1669980|Jennifer Silcox
1433385|Anabel Quan-Haase
172196|Richard Vanderweetering
32746|Robert Disalle
2185377|Hida Behzadi
1754273|Deanna Walker
2265193|Alexander Miller
2445076|Adam Morse
2613568|Mark Kearney
1037164|Derek Quinlan
27511|Robert Solomon
1731126|Daniel Keir
1331588|Warren Steele
2579576|Moses Kansanga
2717888|Sonia Yasmin
2191802|Murray Junop
115833|Dan Christensen
2694705|Sheetala Bhat
2603408|Laura De Luca
2745311|Marco Prado
2523162|Amin Zadeh
381847|Michelle Hartley
1992132|Kelly Summers
367249|Nazim Madhavji
540724|Joel Faflak
430146|John Paul Minda
2315853|Alex Benson
1887679|Jackie Sullivan
2745718|Mohamed AbuGazia
31964|George Knopf
2672233|Natasha Mhatre
726588|Derek McLachlin
2172402|Michael Boffa
2745947|Calida Nguyen
2718859|Alexander Patrushev
1972013|Livia Veselka
2746389|Nitin Mohan
126059|Hao Yu
2388685|Jeff Preston
2482499|Eva Pila
91229|M. Jane Toswell
1127112|Eugene Wong
2675437|Asghar Ghobanpour
1011921|Shauna Burke
795772|John Corrigan
2760097|Soomy Zimmo
27529|Jonathan Vance
1552293|Miranda Green-Barteet
2042264|Ayman El Ansary
2812394|Kaitlynn Mendes
2002418|Donna Pennee
2690961|Oleksa Drachewych
533816|Zhifeng Ding
2813856|Nicole McFadyen
193048|Scott MacDougall-Shackleton
2814512|Jarl Flaten
2088519|Abdelnasser Ouda
2225480|Aiham Adawi
2785695|Shahin Pardhan
1104753|Jessica Polzer
2245968|Matthew McBurney
10268|Robert Webber
1388144|Glen Sterling
2035764|Asghar Ghorbanpour
2586757|Rebecca Ellis
2289064|Laura Cayen
2817520|Jasna Twynstra
7425|Alison Lee
2818631|Ernest Yanful
1714138|Lori Murray
2819704|Lyn Hoang
2819764|Flex Lee
33792|Martin Zinke-Allmang
2685428|Karen Ashby
1972786|Heather Hallett
2821710|Osam Ozkan
2315217|Chris Hall
2769235|Brent Davis
2822780|Katrina Younes
2169872|Alyssa Holden
2551531|Kem Rogers
2781801|Alp Polat
2823340|Cameron Fediuk
2823383|Matt Shelvock
1114776|Tina Yanchus
1468438|Jason Gillilland
2823785|Cornel Grey
2396025|Susan Greig
2824064|James Choy
2824903|Lene Kromann
2825755|Roger Chabot
2826868|Rosanne Abdulla
2765026|Jim Morey
2091644|Laurel Shire
2828038|Holly Meaney
2828298|Morgan Kleiber
32364|Chris Essex
2655745|Brenda Hartman
2081537|Brenda Kobayashi
2830316|Allen Priest
2221091|Evan Habkirk
2819339|Matthew Highfield
2831657|Donglin Bai
2832761|Mingyi Hua
2832764|Kyle Maclean
2832964|Paul Weigert
2833997|Shimelis Kene
2834143|Yimin Chen
2834173|Taylor Brysiewicz
2835180|Ute Schwarz
1742795|Jennifer Epp
1813050|Colleen Sharen
2653715|Jacob Evoy
2826934|Jeffrey Carson
2840141|Kathleen Fraser
1993248|Kate Choi
2843766|Isaac Rigby
2844270|Hermann Keupdjio
1504372|Hanan Lutfiyya
2402722|Manosij Majumdar
2688416|Jason Sandhar
2846417|Baxter Robinson
2847839|Aleccia Hofstetter
2848303|Susana Caxaj
2848305|Zachary Easton
71313|Aaron Fenster
2021627|Lindsay Scorgie
2254290|Lesley Bikos
2850650|Ryan Chan
423848|David Heap
1575903|Jeremy Greenway
466052|Amy Bell
2503815|Lauren Nicolaas
1125336|Antonio Calcagno
193033|Leora Swartzman
62790|Roy Eagleson
2604248|Shailesh Nene
842930|Late Lawson-Hellu
36883|Irene Trela
2616497|Jane Davis
2683992|Amy Keating
2022875|Kamran Siddiqui
2578963|MohammadNoor Injadat
2870222|Olga Trichtchenko
1650652|Emilie Rivers
2545168|Shahed Khan
2823787|Sohini Chatterjee
2455912|Laura Batterink
825784|Marielle Aylen
634496|Annette-Barbara Vogel
71356|Servanne Woodward
1971749|Jonathan Marsh
11252|Darrell McPhail
973391|Graeme Taylor
2710461|Basil Chiasson
1096233|Jim Karagiannis
7916|Jennifer Venn
2849359|Olayiwola Ologbonde
2851991|Raj Rajakumar
2852344|Cristina Stoica
2856137|Debra Myers
2857069|Jinhyung Lee
2858924|Mohabat Tarkeshian
2861929|Jasmine Ha
2863012|Emma Churchman
2866347|Mathieu Turgeon
2866880|Holly Steeves
2867111|Juan Bello
2867892|Emma Giroux
2867899|Holly Steve
2868809|Rachelle Miele
2869599|Michael Blair Evans
2870071|Alexandra L'Heureux
2870234|Jasmine Ha
2871065|Jas Ha
2871697|Katie Shillington
2871999|Alireza Fazeli
2872276|Lynne Marsh
2872566|Joshua Frank-Webb
2873275|Dan Brown
2873552|Joseph Gilbesy
2873978|Rula Al Halbouni
2874112|Afshin Vafaei
2874139|Mathieu Turgeon
2874594|Indra Bishnoi
2874650|Bill Tucker
2874731|Patrick Feely
2874884|Haniyeh Mohammadi
2875930|Holly Steeves
2876980|Sajad Sadeghi
2877138|Ntonghanwah Forcheh
2819795|Bogdan Tudose
1261876|Peter Chidiac
91217|Monika Lee
2385412|David Lamari
2878286|Yuanfang Zhang
2878494|Jordan Kotick
427555|Eli Nathans
2878537|Laura Hogarth
27379|Paul Barker
2549742|Michael Fitzpatrick
1255278|George Athanassakos
2466593|Lisa Macklem
2862099|Geraint Harvey
2028239|Kevin McGuire
2843602|Ebenezer Narh
2879864|Caroline Strickland
2620310|Jennifer Ingrey
2880454|Gihan Ediringshe
2614540|Alyssa MacLean
1825681|Lina Dagnino
2880712|Jana Starling
2452272|Tony Weis
2880878|Emma Dobson
74782|Sheila MacFie
975616|Ian Nicholson
32598|James Hildebrand
2881505|Kirstyn Seanor
2671772|Gregory Ross
2881707|Matheus Sanita Lima
59747|John Kelly
2882109|Conor Wilkinson
2882197|Tracey Corbett
2839577|Debora Rios
2462549|Nicole Campbell
2882314|Nandini Syed
2474004|Nicole Campbell
2244441|Sky Glabush
436629|Claudia Clausius
2835701|Arash Reyhani
2684294|Blake Butler
2405497|Jacob Shelley
1521862|Denise Grafton
2883151|Danielle Brewer-Deluce
2883879|Krishna Singh
1598946|John Reed
416848|James Hammond
2884396|robert limongi
34276|Laura Reid
421843|Adam Harmes
2885830|Keith Hobson
2886281|Karen Hickenbottom
1186187|Treena Orchard
2199132|Rogemar Mamon
2072124|Ruixi Zhang
363860|Robert Klassen
2516708|Mohammad Hossain
2886975|Harvey (Haotian) Shi
2887010|Ashley McAlpine
1829611|Viktor Staroverov
2887175|Wenjun Yong
2121612|Esra Ari
34189|Christopher Keep
2117443|Tara Mantler
2887790|Pierre Thibeaultt
2887874|Joanne Lansink
2084964|Joseph Lyons
812249|Edmund Goehring
255619|Charles Ling
1795621|Wayne Adlam
1943744|Aleksander Essex
2889234|Joseph Phillips
2889238|Robert Larose
32083|Jagath Samarabandu
2889794|Sheldon Hill
2649942|Agnieszka Leszczynski
1127026|Ruth Anne Strickland
2889919|Valerie Oosterveld
2889942|Wilson Lou
2269168|James Noel
2890165|Percy Sherwood
1522946|Frank Schumacher
2890623|Joanna Andrejkow
1115360|Christine Lavrence
2822504|Eva Kwan
608055|Wolfgang Lehmann
2892406|Francesca Vidotto
2893120|Nicole Elliott
1981306|Marnie Wedlake
2738852|Yini Liu
2893524|Vanessa Brown
2890523|Kofi Antwi-Bosiako
409307|Natalia Kiriushcheva
916386|Maria Ferraro
497880|Lyndon Brown
2410773|Minku Kang
2894934|Fiona (Fang) Fang
2894936|Fiona Fang
72410|Dave Heinrichs
2762068|Yalda Mohsenzadeh
1484747|Mike Arntfield
2895874|Awish Aslam
2896115|Sylvia Rinaldi
2131382|Marcie Penner-Wilger
2240998|Styliani Constas
2760428|Najeh Zarir
2427984|Mary MacDonald
469485|Felix Lee
2896859|Victoria Jara
1559654|Sara Morrison
2519897|Samira Hasanzadeh
1956469|Alison Doherty
71942|Trevor Hunter
2321926|Terrance McDonald
957939|R. Kermani Mehrdad
2151573|Bridget DeMarchi
33562|Daniel Robinson
2897824|Tse So
2266923|Edward Comor
2830557|Nevada Cooke
2898410|Anh Le
2703739|lyn Hoang
2155405|Stephen Lin
1119693|Matthew Heath
2899277|Gojjam Limenih
2899402|Sean McWatt
2899465|Syarifah Nur Fathima Syed Zainuddin
2899556|Evelyne Brie
2899629|Nikita Frizzelle
2835749|Anushka Ataullahjan
2387165|Erin Heerey
32993|Dean Proessel
2194251|Michael Aloisio
2152993|Allen O'Hara
2703640|James Uren
2794183|Kartik Rao
1625602|Darlene Balandin
2901092|Okila Elboeva
2901669|Abdelkareem Jaradat
1782881|David Barrick
2901978|Yasmeen Hakooz
2852636|David McKenna
38620|Gale Cassidy
67752|Clare Gordon
2903156|Calvin Ho
71548|Anne Barnfield
2665791|Boyu Wang
2187085|Luke Arnott
1148047|Lauren Barr
34195|Susanne Kohalmi
2685683|Felipe Rodrigues
2904554|Jessica Timbrell
2283562|Sean Waite
2721639|Yang Zhao
36616|Bogdan Tudose
2678393|Ayan Sadhu
1565499|Dazhi Jiang
2825533|Brittany Murphy
201796|J. Bruce Morton
32422|Riley Hinson
2049092|Gillian Demeyere
2616724|Jessica Orchin
1459952|Cody Barteet
22974|Ryan Robb
2584252|Nigel Blamey
2286020|Karyn Olsen
430145|Elizabeth Kelly
436143|Silvia Mittler
2880607|Addie Larocque
1276504|Louis Magguilli
2712790|Max Magguilli
1526800|Kristin Denniston
1880164|Sean Shieh
1976896|Nicholas Kahnert
31162|Tracy Isaacs
24474|Dennis Klimchuk
1454216|Dan Bousfield
93384|Jeff Wood
2611216|Christopher Sherrin
1601589|Duane Jacques
2907511|William Beldman
2154375|Chao Zhang
2698496|Jerzy Floryan
1327457|Kane Faucher
2907906|Gurpaul Kochhar
9814|Michael Atkinson
867040|Pamela Cushing
2291117|Bryan Sarlo
722977|Ozden Sungur
1564208|Amanda Zavitz
2674445|Angela Mendelovici
2909035|Michael Hallett
365583|Mitch Rowat
1287774|Pawel Kurowski
2055306|Richard Secco
472001|Corinne Davies
37734|Anthony Percival-Smith
371830|Hamada Ghenniwa
2047989|Robert Nonomura
76605|Imants Baruss
2810600|Saad Ahmed
32502|John Siambanopoulos
258265|Cameron Tsujita
1452763|Noelle Martin
2910959|Blaine Chronik
2843197|Lisa McLean
1774596|Mahdiyeh Entezarkheir
2025058|Michael Kottelenberg
1690962|Samuel Asokanthan
2887921|Paul Gribble
143700|Ruud Veldhuizen
32582|Jennifer Noon
2821295|Amir Haghighati Maleki
2169603|Vera Tai
1729119|Imtiaz Shah
223566|Corey Isaacs
1906113|Martin Pinsonnault
2043352|Christina Booker
2462190|Daniel Servos
955822|Caroline Schild-Poulter
2068810|Robert Pilling
34334|David Conter
45349|Desmond McKeon
1271227|Kaizhong Zhang
2521622|Ruth Tisdale
795569|Jacques Lamarche
47481|David Lamari
14486|Ram Valluri
1749591|Tim Hain
2913315|Babac Salmani
2007021|Michael Naish
2843836|John Capone
2458417|Sharon Lindenburger
37297|Sashko Damjanovski
1211363|Geoff Wild
49946|Roberto Solis-Oba
55094|Lucian Ilie
2571570|Molly Driediger
813482|John White
33406|Doug Mann
362389|George Nakhla
2887114|Adrienne Larocque
2812435|Alexei Ouriadov
2573075|Alexander Brandt
1911220|Alexander Meyer
740437|Daniel Brou
2914859|Jason Dean
1387782|Wendy Dickinson
2566429|Stan Metchev
1301056|Yahya Kharrat
2872561|Stephanie Anderson
2670106|James Uren
1083637|Matthew Yeager
2448973|Maxwell Smith
981915|Els Peeters
2915122|Jess Notwell
932613|Joseph Wlodarz
818478|Xing Jiang
2915248|Aimaiti Aikeremu
33031|William Acres
865658|Caroline Dick
2041826|Anestis Dounavis
2330872|Kathleen McKeown
2125065|John Dickinson
71210|James Flath
25852|Nigmendra Narain
1924367|Olga Kharytonava
2575703|Roy Allen
1671231|Muhammad Shuja
2466646|Tyler Pattenden
2741024|Ian Herzog
2109927|Nichole Edwards
2138519|Sunghoon Cho
166632|Sergiy Kuzmin
277636|Denis Maxwell
838875|Niki Sharan
405074|Zinovi Krougly
32643|Erika Simpson
2687600|Jennifer Peter
2916351|Cameron Brown
1855785|Tim Compeau
2661879|Kelly Linton
2873550|Joseph Gilvesy
32688|Steve Kopp
1155160|Janusz Adamus
2736802|Kareem Jaradat
2916504|Kishore Afzal
2860097|Kanwal Tanwir
2916557|François Lagugné-Labarthet
749838|Areski Nait-Abdallah
2902484|Yifan Li
368219|Ken Yeung
1874745|Andie Shabbar
1864445|Khoa Nguyen
1270906|Neil Banerjee
2859984|Sumeet Khullar
2587291|Melissa Adler
2916699|David Blocker
1109870|Mahmoud El-Sakka
2499945|Jennifer Jeffrey
2315764|Qian Liu
1006464|Scott Schaffer
2889682|Shannon Millman
2896692|Krista Macpherson
374634|Bruce Morrison
1683175|WG Pearson
32674|Jeff Hopkins
